symbol,company_name,exchange,price,available_quantity,status
RELIANCE,Reliance Industries Limited,NSE,2980.50,50000,ACTIVE
TCS,Tata Consultancy Services Limited,NSE,4245.00,35000,ACTIVE
HDFCBANK,HDFC Bank Limited,NSE,1652.80,60000,ACTIVE
INFY,Infosys Limited,NSE,1895.40,45000,ACTIVE
ICICIBANK,ICICI Bank Limited,NSE,1280.20,55000,ACTIVE
TATAMOTORS,Tata Motors Limited,NSE,985.60,40000,ACTIVE
SBIN,State Bank of India,NSE,842.10,75000,ACTIVE
BHARTIARTL,Bharti Airtel Limited,NSE,1540.30,30000,ACTIVE
ITC,ITC Limited,NSE,492.70,80000,ACTIVE
KOTAKBANK,Kotak Mahindra Bank Limited,NSE,1795.50,25000,ACTIVE
LT,Larsen & Toubro Limited,NSE,3650.00,20000,ACTIVE
HINDUNILVR,Hindustan Unilever Limited,NSE,2740.00,30000,ACTIVE
BAJFINANCE,Bajaj Finance Limited,NSE,7120.00,15000,ACTIVE
MARUTI,Maruti Suzuki India Limited,NSE,12450.00,8000,ACTIVE
SUNPHARMA,Sun Pharmaceutical Industries Limited,NSE,1780.00,22000,ACTIVE
ASIANPAINT,Asian Paints Limited,NSE,3180.00,18000,ACTIVE
TITAN,Titan Company Limited,NSE,3420.00,16000,ACTIVE
ADANIENT,Adani Enterprises Limited,NSE,3150.00,25000,ACTIVE
NTPC,NTPC Limited,NSE,395.40,90000,ACTIVE
POWERGRID,Power Grid Corporation of India Limited,NSE,335.20,85000,ACTIVE
WIPRO,Wipro Limited,NSE,535.80,40000,ACTIVE
HCLTECH,HCL Technologies Limited,NSE,1785.00,28000,ACTIVE
TATASTEEL,Tata Steel Limited,NSE,154.60,100000,ACTIVE
AXISBANK,Axis Bank Limited,NSE,1240.50,38000,ACTIVE
ONGC,Oil and Natural Gas Corporation Limited,NSE,295.30,95000,ACTIVE
COALINDIA,Coal India Limited,NSE,498.20,60000,ACTIVE
ULTRACEMCO,UltraTech Cement Limited,NSE,11450.00,9000,ACTIVE
BAJAJFINSV,Bajaj Finserv Limited,NSE,1890.00,20000,ACTIVE
NESTLEIND,Nestle India Limited,NSE,2540.00,14000,ACTIVE
TECHM,Tech Mahindra Limited,NSE,1620.00,26000,ACTIVE
JSWSTEEL,JSW Steel Limited,NSE,980.50,34000,ACTIVE
GRASIM,Grasim Industries Limited,NSE,2680.00,18000,ACTIVE
INDUSINDBK,IndusInd Bank Limited,NSE,1450.00,24000,ACTIVE
CIPLA,Cipla Limited,NSE,1560.00,21000,ACTIVE
HEROMOTOCO,Hero MotoCorp Limited,NSE,5680.00,11000,ACTIVE
DRREDDY,Dr. Reddy's Laboratories Limited,NSE,6650.00,10000,ACTIVE
EICHERMOT,Eicher Motors Limited,NSE,4890.00,12000,ACTIVE
DIVISLAB,Divi's Laboratories Limited,NSE,4920.00,11500,ACTIVE
BRITANNIA,Britannia Industries Limited,NSE,5850.00,13000,ACTIVE
TATACONSUM,Tata Consumer Products Limited,NSE,1180.00,32000,ACTIVE
APOLLOHOSP,Apollo Hospitals Enterprise Limited,NSE,6890.00,9500,ACTIVE
SBILIFE,SBI Life Insurance Company Limited,NSE,1780.00,23000,ACTIVE
HDFCLIFE,HDFC Life Insurance Company Limited,NSE,715.00,36000,ACTIVE
BPCL,Bharat Petroleum Corporation Limited,NSE,345.00,65000,ACTIVE
HINDALCO,Hindalco Industries Limited,NSE,690.00,48000,ACTIVE
ZOMATO,Zomato Limited,NSE,275.50,120000,ACTIVE
JIOFIN,Jio Financial Services Limited,NSE,345.80,110000,ACTIVE
VEDL,Vedanta Limited,BSE,485.00,50000,ACTIVE
BEL,Bharat Electronics Limited,NSE,298.00,70000,ACTIVE
HAL,Hindustan Aeronautics Limited,NSE,4650.00,15000,ACTIVE
